Modelling Algo,RMSE
RandomForestRegressor,42.91430208937682
AdaBoostRegressor,96.30220455240283
BaggingRegressor,45.15084465910973
KNeighborsRegressor,57.734783802191274
DecisionTreeRegressor,62.679954645962496
SVR,130.5900723329697
XGBRegressor,42.97256917345406
